DJI_0005-00064.jpg,people
DJI_0005-00065.jpg,people
DJI_0005-00066.jpg,people
DJI_0005-00067.jpg,people
DJI_0005-00068.jpg,people
DJI_0005-00069.jpg,people
DJI_0005-00070.jpg,people
DJI_0005-00071.jpg,people
DJI_0005-00072.jpg,people
DJI_0005-00073.jpg,people
DJI_0005-00074.jpg,people
DJI_0005-00075.jpg,people
DJI_0005-00076.jpg,people
DJI_0005-00077.jpg,people
DJI_0005-00078.jpg,people
DJI_0005-00079.jpg,people
DJI_0005-00080.jpg,people
DJI_0005-00081.jpg,people
DJI_0005-00082.jpg,people
DJI_0005-00083.jpg,people
DJI_0005-00084.jpg,people
DJI_0005-00085.jpg,people
DJI_0005-00086.jpg,people
DJI_0005-00087.jpg,people
DJI_0005-00088.jpg,people
DJI_0005-00089.jpg,people
DJI_0005-00090.jpg,people
DJI_0005-00091.jpg,people
DJI_0005-00092.jpg,people
DJI_0005-00093.jpg,people
DJI_0005-00094.jpg,people
DJI_0005-00095.jpg,people
DJI_0005-00096.jpg,people
DJI_0005-00097.jpg,people
DJI_0005-00098.jpg,people
DJI_0005-00099.jpg,people
DJI_0005-00100.jpg,people
DJI_0005-00101.jpg,people
DJI_0005-00102.jpg,people
DJI_0006-00001.jpg,people
DJI_0006-00002.jpg,people
DJI_0006-00003.jpg,people
DJI_0006-00004.jpg,people
DJI_0006-00005.jpg,people
DJI_0006-00006.jpg,people
DJI_0006-00007.jpg,people
DJI_0006-00008.jpg,people
DJI_0006-00009.jpg,people
DJI_0006-00010.jpg,people
DJI_0006-00011.jpg,people
DJI_0006-00012.jpg,people
DJI_0006-00013.jpg,people
DJI_0006-00029.jpg,people
DJI_0006-00030.jpg,people
DJI_0006-00031.jpg,people
DJI_0006-00032.jpg,people
DJI_0006-00033.jpg,people
DJI_0006-00034.jpg,people
DJI_0006-00035.jpg,people
DJI_0006-00036.jpg,people
DJI_0006-00044.jpg,people
DJI_0006-00045.jpg,people
DJI_0006-00046.jpg,people
DJI_0006-00047.jpg,people
DJI_0006-00048.jpg,people
DJI_0006-00049.jpg,people
DJI_0006-00050.jpg,people
DJI_0006-00051.jpg,people
DJI_0006-00052.jpg,people
DJI_0006-00053.jpg,people
DJI_0006-00054.jpg,people
DJI_0006-00055.jpg,people
DJI_0006-00056.jpg,people
DJI_0006-00057.jpg,people
DJI_0006-00058.jpg,people
DJI_0006-00059.jpg,people
DJI_0006-00060.jpg,people
DJI_0006-00061.jpg,people
DJI_0006-00062.jpg,people
DJI_0006-00063.jpg,people
DJI_0006-00064.jpg,people
DJI_0006-00065.jpg,people
DJI_0006-00066.jpg,people
DJI_0006-00067.jpg,people
DJI_0006-00068.jpg,people
DJI_0006-00069.jpg,people
DJI_0006-00070.jpg,people
DJI_0006-00071.jpg,people
DJI_0006-00072.jpg,people
DJI_0006-00073.jpg,people
DJI_0006-00074.jpg,people
DJI_0006-00075.jpg,people
DJI_0006-00076.jpg,people
DJI_0006-00077.jpg,people
DJI_0006-00078.jpg,people
DJI_0006-00079.jpg,people
DJI_0006-00080.jpg,people
DJI_0006-00081.jpg,people
DJI_0006-00082.jpg,people
DJI_0006-00083.jpg,people
DJI_0006-00084.jpg,people
DJI_0006-00085.jpg,people
DJI_0006-00086.jpg,people
DJI_0006-00087.jpg,people
DJI_0006-00088.jpg,people
DJI_0006-00089.jpg,people
DJI_0006-00090.jpg,people
DJI_0006-00091.jpg,people
DJI_0006-00092.jpg,people
DJI_0006-00093.jpg,people
DJI_0006-00094.jpg,people
DJI_0006-00095.jpg,people
DJI_0008-00012.jpg,people
DJI_0008-00013.jpg,people
DJI_0008-00014.jpg,people
DJI_0008-00015.jpg,people
DJI_0008-00016.jpg,people
DJI_0008-00017.jpg,people
DJI_0008-00018.jpg,people
DJI_0008-00019.jpg,people
DJI_0008-00020.jpg,people
DJI_0008-00021.jpg,people
DJI_0008-00022.jpg,people
DJI_0008-00023.jpg,people
DJI_0008-00024.jpg,people
DJI_0008-00025.jpg,people
DJI_0008-00036.jpg,people
DJI_0008-00037.jpg,people
DJI_0008-00038.jpg,people
DJI_0008-00039.jpg,people
DJI_0008-00040.jpg,people
DJI_0008-00041.jpg,people
DJI_0008-00042.jpg,people
DJI_0008-00043.jpg,people
DJI_0008-00044.jpg,people
DJI_0008-00045.jpg,people
DJI_0008-00046.jpg,people
DJI_0008-00047.jpg,people
DJI_0008-00048.jpg,people
DJI_0008-00049.jpg,people
DJI_0008-00050.jpg,people
DJI_0008-00051.jpg,people
DJI_0008-00052.jpg,people
DJI_0008-00053.jpg,people
DJI_0008-00054.jpg,people
DJI_0008-00055.jpg,people
DJI_0008-00056.jpg,people
DJI_0008-00057.jpg,people
DJI_0008-00058.jpg,people
DJI_0008-00059.jpg,people
DJI_0008-00060.jpg,people
DJI_0008-00061.jpg,people
DJI_0008-00062.jpg,people
DJI_0008-00083.jpg,people
DJI_0008-00084.jpg,people
DJI_0008-00085.jpg,people
DJI_0008-00086.jpg,people
DJI_0008-00087.jpg,people
DJI_0008-00088.jpg,people
DJI_0008-00089.jpg,people
DJI_0008-00090.jpg,people
DJI_0008-00091.jpg,people
DJI_0008-00092.jpg,people
DJI_0008-00093.jpg,people
DJI_0008-00094.jpg,people
DJI_0008-00095.jpg,people
DJI_0008-00096.jpg,people
DJI_0008-00097.jpg,people
DJI_0008-00098.jpg,people
DJI_0008-00099.jpg,people
DJI_0008-00100.jpg,people
DJI_0008-00101.jpg,people
DJI_0008-00102.jpg,people
DJI_0008-00103.jpg,people
DJI_0008-00104.jpg,people
DJI_0008-00105.jpg,people
DJI_0008-00106.jpg,people
DJI_0008-00107.jpg,people
DJI_0008-00108.jpg,people
DJI_0008-00109.jpg,people
DJI_0008-00110.jpg,people
DJI_0008-00111.jpg,people
DJI_0008-00112.jpg,people
DJI_0008-00113.jpg,people
DJI_0008-00114.jpg,people
DJI_0008-00115.jpg,people
DJI_0008-00116.jpg,people
DJI_0008-00117.jpg,people
DJI_0008-00118.jpg,people
DJI_0008-00206.jpg,people
DJI_0008-00207.jpg,people
DJI_0008-00209.jpg,people
DJI_0008-00210.jpg,people
DJI_0008-00212.jpg,people
DJI_0008-00213.jpg,people
DJI_0008-00214.jpg,people
DJI_0008-00215.jpg,people
DJI_0008-00216.jpg,people
DJI_0008-00217.jpg,people
DJI_0008-00218.jpg,people
DJI_0008-00219.jpg,people
DJI_0008-00220.jpg,people
DJI_0008-00221.jpg,people
DJI_0008-00222.jpg,people
DJI_0008-00223.jpg,people
DJI_0008-00224.jpg,people
DJI_0008-00225.jpg,people
DJI_0008-00226.jpg,people
DJI_0008-00227.jpg,people
DJI_0008-00228.jpg,people
DJI_0008-00229.jpg,people
DJI_0008-00230.jpg,people
DJI_0008-00231.jpg,people
DJI_0008-00232.jpg,people
DJI_0008-00233.jpg,people
DJI_0008-00234.jpg,people
DJI_0008-00235.jpg,people
DJI_0008-00236.jpg,people
DJI_0008-00237.jpg,people
DJI_0008-00238.jpg,people
DJI_0008-00239.jpg,people
DJI_0008-00240.jpg,people
DJI_0008-00241.jpg,people
DJI_0008-00242.jpg,people
DJI_0008-00243.jpg,people
DJI_0008-00244.jpg,people
DJI_0008-00245.jpg,people
DJI_0008-00246.jpg,people
DJI_0008-00247.jpg,people
DJI_0008-00248.jpg,people
DJI_0008-00249.jpg,people
DJI_0008-00250.jpg,people
DJI_0008-00251.jpg,people
DJI_0008-00252.jpg,people
DJI_0008-00253.jpg,people
DJI_0008-00254.jpg,people
DJI_0008-00255.jpg,people
DJI_0008-00256.jpg,people
DJI_0008-00257.jpg,people
DJI_0008-00258.jpg,people
DJI_0008-00259.jpg,people
DJI_0008-00260.jpg,people
DJI_0008-00261.jpg,people
DJI_0008-00262.jpg,people
DJI_0008-00263.jpg,people
DJI_0008-00264.jpg,people
DJI_0008-00265.jpg,people
DJI_0008-00266.jpg,people
DJI_0008-00267.jpg,people
DJI_0008-00268.jpg,people
DJI_0008-00272.jpg,people
DJI_0008-00273.jpg,people
DJI_0008-00274.jpg,people
DJI_0008-00275.jpg,people
DJI_0008-00278.jpg,people
DJI_0008-00279.jpg,people
DJI_0008-00280.jpg,people
DJI_0008-00281.jpg,people
DJI_0008-00282.jpg,people
DJI_0008-00283.jpg,people
DJI_0008-00284.jpg,people
DJI_0008-00285.jpg,people
DJI_0008-00286.jpg,people
DJI_0008-00287.jpg,people
DJI_0008-00288.jpg,people
DJI_0008-00289.jpg,people
DJI_0008-00290.jpg,people
DJI_0008-00292.jpg,people
DJI_0008-00293.jpg,people
DJI_0008-00294.jpg,people
DJI_0008-00295.jpg,people
DJI_0008-00296.jpg,people
DJI_0008-00297.jpg,people
DJI_0008-00298.jpg,people
DJI_0008-00299.jpg,people
DJI_0008-00300.jpg,people
DJI_0008-00301.jpg,people
DJI_0008-00302.jpg,people
DJI_0008-00303.jpg,people
DJI_0008-00304.jpg,people
DJI_0014-00011.jpg,people
DJI_0014-00012.jpg,people
DJI_0014-00013.jpg,people
DJI_0014-00014.jpg,people
DJI_0014-00015.jpg,people
DJI_0014-00016.jpg,people
DJI_0014-00017.jpg,people
DJI_0014-00020.jpg,people
DJI_0014-00021.jpg,people
DJI_0014-00038.jpg,people
DJI_0014-00039.jpg,people
DJI_0014-00040.jpg,people
DJI_0014-00041.jpg,people
DJI_0014-00042.jpg,people
DJI_0014-00043.jpg,people
DJI_0014-00044.jpg,people
DJI_0014-00051.jpg,people
DJI_0014-00071.jpg,people
DJI_0014-00072.jpg,people
DJI_0014-00073.jpg,people
DJI_0014-00074.jpg,people
DJI_0014-00075.jpg,people
DJI_0014-00076.jpg,people
DJI_0014-00077.jpg,people
DJI_0014-00078.jpg,people
DJI_0014-00079.jpg,people
DJI_0014-00080.jpg,people
DJI_0014-00081.jpg,people
DJI_0014-00082.jpg,people
DJI_0014-00083.jpg,people
DJI_0014-00084.jpg,people
DJI_0014-00085.jpg,people
DJI_0014-00086.jpg,people
DJI_0014-00087.jpg,people
DJI_0014-00089.jpg,people
DJI_0014-00090.jpg,people
DJI_0014-00091.jpg,people
DJI_0014-00102.jpg,people
DJI_0014-00104.jpg,people
DJI_0014-00105.jpg,people
DJI_0014-00106.jpg,people
DJI_0014-00107.jpg,people
DJI_0014-00108.jpg,people
DJI_0014-00109.jpg,people
DJI_0014-00110.jpg,people
DJI_0014-00111.jpg,people
DJI_0014-00112.jpg,people
DJI_0014-00113.jpg,people
DJI_0014-00114.jpg,people
DJI_0014-00121.jpg,people
DJI_0014-00132.jpg,people
DJI_0014-00133.jpg,people
DJI_0014-00134.jpg,people
DJI_0014-00135.jpg,people
DJI_0014-00136.jpg,people
DJI_0014-00139.jpg,people
DJI_0014-00140.jpg,people
DJI_0014-00141.jpg,people
DJI_0014-00143.jpg,people
DJI_0014-00144.jpg,people
DJI_0014-00145.jpg,people
DJI_0014-00146.jpg,people
DJI_0014-00147.jpg,people
DJI_0014-00148.jpg,people
DJI_0014-00149.jpg,people
DJI_0014-00150.jpg,people
DJI_0014-00151.jpg,people
DJI_0014-00152.jpg,people
DJI_0014-00153.jpg,people
DJI_0014-00154.jpg,people
DJI_0014-00158.jpg,people
DJI_0014-00159.jpg,people
DJI_0014-00172.jpg,people
DJI_0014-00173.jpg,people
DJI_0014-00180.jpg,people
DJI_0014-00182.jpg,people
DJI_0014-00183.jpg,people
DJI_0014-00184.jpg,people
DJI_0014-00185.jpg,people
DJI_0014-00186.jpg,people
DJI_0014-00187.jpg,people
DJI_0014-00188.jpg,people
DJI_0014-00189.jpg,people
DJI_0014-00190.jpg,people
DJI_0014-00191.jpg,people
DJI_0014-00192.jpg,people
DJI_0014-00193.jpg,people
DJI_0014-00194.jpg,people
DJI_0014-00195.jpg,people
DJI_0014-00196.jpg,people
DJI_0014-00197.jpg,people
DJI_0014-00198.jpg,people
DJI_0014-00199.jpg,people
DJI_0014-00200.jpg,people
DJI_0014-00201.jpg,people
DJI_0014-00202.jpg,people
DJI_0014-00203.jpg,people
DJI_0014-00204.jpg,people
DJI_0014-00205.jpg,people
DJI_0014-00206.jpg,people
DJI_0005-00001.jpg,noPeople
DJI_0005-00002.jpg,noPeople
DJI_0005-00003.jpg,noPeople
DJI_0005-00004.jpg,noPeople
DJI_0005-00005.jpg,noPeople
DJI_0005-00006.jpg,noPeople
DJI_0005-00007.jpg,noPeople
DJI_0005-00008.jpg,noPeople
DJI_0005-00009.jpg,noPeople
DJI_0005-00010.jpg,noPeople
DJI_0005-00011.jpg,noPeople
DJI_0005-00012.jpg,noPeople
DJI_0005-00013.jpg,noPeople
DJI_0005-00014.jpg,noPeople
DJI_0005-00015.jpg,noPeople
DJI_0005-00016.jpg,noPeople
DJI_0005-00017.jpg,noPeople
DJI_0005-00018.jpg,noPeople
DJI_0005-00019.jpg,noPeople
DJI_0005-00020.jpg,noPeople
DJI_0005-00021.jpg,noPeople
DJI_0005-00022.jpg,noPeople
DJI_0005-00023.jpg,noPeople
DJI_0005-00024.jpg,noPeople
DJI_0005-00025.jpg,noPeople
DJI_0005-00026.jpg,noPeople
DJI_0005-00027.jpg,noPeople
DJI_0005-00028.jpg,noPeople
DJI_0005-00029.jpg,noPeople
DJI_0005-00030.jpg,noPeople
DJI_0005-00031.jpg,noPeople
DJI_0005-00032.jpg,noPeople
DJI_0005-00033.jpg,noPeople
DJI_0005-00034.jpg,noPeople
DJI_0005-00035.jpg,noPeople
DJI_0005-00036.jpg,noPeople
DJI_0005-00037.jpg,noPeople
DJI_0005-00038.jpg,noPeople
DJI_0005-00039.jpg,noPeople
DJI_0005-00040.jpg,noPeople
DJI_0005-00041.jpg,noPeople
DJI_0005-00042.jpg,noPeople
DJI_0005-00043.jpg,noPeople
DJI_0005-00044.jpg,noPeople
DJI_0005-00045.jpg,noPeople
DJI_0005-00046.jpg,noPeople
DJI_0005-00047.jpg,noPeople
DJI_0005-00048.jpg,noPeople
DJI_0005-00049.jpg,noPeople
DJI_0005-00050.jpg,noPeople
DJI_0005-00051.jpg,noPeople
DJI_0005-00052.jpg,noPeople
DJI_0005-00053.jpg,noPeople
DJI_0005-00054.jpg,noPeople
DJI_0005-00055.jpg,noPeople
DJI_0005-00056.jpg,noPeople
DJI_0005-00057.jpg,noPeople
DJI_0005-00058.jpg,noPeople
DJI_0005-00059.jpg,noPeople
DJI_0005-00060.jpg,noPeople
DJI_0005-00061.jpg,noPeople
DJI_0005-00062.jpg,noPeople
DJI_0005-00063.jpg,noPeople
DJI_0006-00014.jpg,noPeople
DJI_0006-00015.jpg,noPeople
DJI_0006-00016.jpg,noPeople
DJI_0006-00017.jpg,noPeople
DJI_0006-00018.jpg,noPeople
DJI_0006-00019.jpg,noPeople
DJI_0006-00020.jpg,noPeople
DJI_0006-00021.jpg,noPeople
DJI_0006-00022.jpg,noPeople
DJI_0006-00023.jpg,noPeople
DJI_0006-00024.jpg,noPeople
DJI_0006-00025.jpg,noPeople
DJI_0006-00026.jpg,noPeople
DJI_0006-00027.jpg,noPeople
DJI_0006-00028.jpg,noPeople
DJI_0006-00037.jpg,noPeople
DJI_0006-00038.jpg,noPeople
DJI_0006-00039.jpg,noPeople
DJI_0006-00040.jpg,noPeople
DJI_0006-00041.jpg,noPeople
DJI_0006-00042.jpg,noPeople
DJI_0006-00043.jpg,noPeople
DJI_0006-00096.jpg,noPeople
DJI_0006-00097.jpg,noPeople
DJI_0006-00098.jpg,noPeople
DJI_0006-00099.jpg,noPeople
DJI_0006-00100.jpg,noPeople
DJI_0006-00101.jpg,noPeople
DJI_0006-00102.jpg,noPeople
DJI_0006-00103.jpg,noPeople
DJI_0006-00104.jpg,noPeople
DJI_0006-00105.jpg,noPeople
DJI_0006-00106.jpg,noPeople
DJI_0006-00107.jpg,noPeople
DJI_0006-00108.jpg,noPeople
DJI_0006-00109.jpg,noPeople
DJI_0006-00110.jpg,noPeople
DJI_0006-00111.jpg,noPeople
DJI_0006-00112.jpg,noPeople
DJI_0006-00113.jpg,noPeople
DJI_0006-00114.jpg,noPeople
DJI_0006-00115.jpg,noPeople
DJI_0006-00116.jpg,noPeople
DJI_0006-00117.jpg,noPeople
DJI_0006-00118.jpg,noPeople
DJI_0006-00119.jpg,noPeople
DJI_0006-00120.jpg,noPeople
DJI_0006-00121.jpg,noPeople
DJI_0006-00122.jpg,noPeople
DJI_0006-00123.jpg,noPeople
DJI_0006-00124.jpg,noPeople
DJI_0006-00125.jpg,noPeople
DJI_0006-00126.jpg,noPeople
DJI_0006-00127.jpg,noPeople
DJI_0006-00128.jpg,noPeople
DJI_0006-00129.jpg,noPeople
DJI_0006-00130.jpg,noPeople
DJI_0006-00131.jpg,noPeople
DJI_0006-00132.jpg,noPeople
DJI_0006-00133.jpg,noPeople
DJI_0006-00134.jpg,noPeople
DJI_0006-00135.jpg,noPeople
DJI_0006-00136.jpg,noPeople
DJI_0006-00137.jpg,noPeople
DJI_0006-00138.jpg,noPeople
DJI_0006-00139.jpg,noPeople
DJI_0006-00140.jpg,noPeople
DJI_0006-00141.jpg,noPeople
DJI_0006-00142.jpg,noPeople
DJI_0006-00143.jpg,noPeople
DJI_0006-00144.jpg,noPeople
DJI_0006-00145.jpg,noPeople
DJI_0006-00146.jpg,noPeople
DJI_0006-00147.jpg,noPeople
DJI_0006-00148.jpg,noPeople
DJI_0006-00149.jpg,noPeople
DJI_0006-00150.jpg,noPeople
DJI_0006-00151.jpg,noPeople
DJI_0006-00152.jpg,noPeople
DJI_0006-00153.jpg,noPeople
DJI_0006-00154.jpg,noPeople
DJI_0006-00155.jpg,noPeople
DJI_0006-00156.jpg,noPeople
DJI_0006-00157.jpg,noPeople
DJI_0006-00158.jpg,noPeople
DJI_0006-00159.jpg,noPeople
DJI_0006-00160.jpg,noPeople
DJI_0006-00161.jpg,noPeople
DJI_0006-00162.jpg,noPeople
DJI_0008-00001.jpg,noPeople
DJI_0008-00002.jpg,noPeople
DJI_0008-00003.jpg,noPeople
DJI_0008-00004.jpg,noPeople
DJI_0008-00005.jpg,noPeople
DJI_0008-00006.jpg,noPeople
DJI_0008-00007.jpg,noPeople
DJI_0008-00008.jpg,noPeople
DJI_0008-00009.jpg,noPeople
DJI_0008-00010.jpg,noPeople
DJI_0008-00011.jpg,noPeople
DJI_0008-00026.jpg,noPeople
DJI_0008-00027.jpg,noPeople
DJI_0008-00028.jpg,noPeople
DJI_0008-00029.jpg,noPeople
DJI_0008-00030.jpg,noPeople
DJI_0008-00031.jpg,noPeople
DJI_0008-00032.jpg,noPeople
DJI_0008-00033.jpg,noPeople
DJI_0008-00034.jpg,noPeople
DJI_0008-00035.jpg,noPeople
DJI_0008-00063.jpg,noPeople
DJI_0008-00064.jpg,noPeople
DJI_0008-00065.jpg,noPeople
DJI_0008-00066.jpg,noPeople
DJI_0008-00067.jpg,noPeople
DJI_0008-00068.jpg,noPeople
DJI_0008-00069.jpg,noPeople
DJI_0008-00070.jpg,noPeople
DJI_0008-00071.jpg,noPeople
DJI_0008-00072.jpg,noPeople
DJI_0008-00073.jpg,noPeople
DJI_0008-00074.jpg,noPeople
DJI_0008-00075.jpg,noPeople
DJI_0008-00076.jpg,noPeople
DJI_0008-00077.jpg,noPeople
DJI_0008-00078.jpg,noPeople
DJI_0008-00079.jpg,noPeople
DJI_0008-00080.jpg,noPeople
DJI_0008-00081.jpg,noPeople
DJI_0008-00082.jpg,noPeople
DJI_0008-00119.jpg,noPeople
DJI_0008-00120.jpg,noPeople
DJI_0008-00121.jpg,noPeople
DJI_0008-00122.jpg,noPeople
DJI_0008-00123.jpg,noPeople
DJI_0008-00124.jpg,noPeople
DJI_0008-00125.jpg,noPeople
DJI_0008-00126.jpg,noPeople
DJI_0008-00127.jpg,noPeople
DJI_0008-00128.jpg,noPeople
DJI_0008-00129.jpg,noPeople
DJI_0008-00130.jpg,noPeople
DJI_0008-00131.jpg,noPeople
DJI_0008-00132.jpg,noPeople
DJI_0008-00133.jpg,noPeople
DJI_0008-00134.jpg,noPeople
DJI_0008-00135.jpg,noPeople
DJI_0008-00136.jpg,noPeople
DJI_0008-00137.jpg,noPeople
DJI_0008-00138.jpg,noPeople
DJI_0008-00139.jpg,noPeople
DJI_0008-00140.jpg,noPeople
DJI_0008-00141.jpg,noPeople
DJI_0008-00142.jpg,noPeople
DJI_0008-00143.jpg,noPeople
DJI_0008-00144.jpg,noPeople
DJI_0008-00145.jpg,noPeople
DJI_0008-00146.jpg,noPeople
DJI_0008-00147.jpg,noPeople
DJI_0008-00148.jpg,noPeople
DJI_0008-00149.jpg,noPeople
DJI_0008-00150.jpg,noPeople
DJI_0008-00151.jpg,noPeople
DJI_0008-00152.jpg,noPeople
DJI_0008-00153.jpg,noPeople
DJI_0008-00154.jpg,noPeople
DJI_0008-00155.jpg,noPeople
DJI_0008-00156.jpg,noPeople
DJI_0008-00157.jpg,noPeople
DJI_0008-00158.jpg,noPeople
DJI_0008-00159.jpg,noPeople
DJI_0008-00160.jpg,noPeople
DJI_0008-00161.jpg,noPeople
DJI_0008-00162.jpg,noPeople
DJI_0008-00163.jpg,noPeople
DJI_0008-00164.jpg,noPeople
DJI_0008-00165.jpg,noPeople
DJI_0008-00166.jpg,noPeople
DJI_0008-00167.jpg,noPeople
DJI_0008-00168.jpg,noPeople
DJI_0008-00169.jpg,noPeople
DJI_0008-00170.jpg,noPeople
DJI_0008-00171.jpg,noPeople
DJI_0008-00172.jpg,noPeople
DJI_0008-00173.jpg,noPeople
DJI_0008-00174.jpg,noPeople
DJI_0008-00175.jpg,noPeople
DJI_0008-00176.jpg,noPeople
DJI_0008-00177.jpg,noPeople
DJI_0008-00178.jpg,noPeople
DJI_0008-00179.jpg,noPeople
DJI_0008-00180.jpg,noPeople
DJI_0008-00181.jpg,noPeople
DJI_0008-00182.jpg,noPeople
DJI_0008-00183.jpg,noPeople
DJI_0008-00184.jpg,noPeople
DJI_0008-00185.jpg,noPeople
DJI_0008-00186.jpg,noPeople
DJI_0008-00187.jpg,noPeople
DJI_0008-00188.jpg,noPeople
DJI_0008-00189.jpg,noPeople
DJI_0008-00190.jpg,noPeople
DJI_0008-00191.jpg,noPeople
DJI_0008-00192.jpg,noPeople
DJI_0008-00193.jpg,noPeople
DJI_0008-00194.jpg,noPeople
DJI_0008-00195.jpg,noPeople
DJI_0008-00196.jpg,noPeople
DJI_0008-00197.jpg,noPeople
DJI_0008-00198.jpg,noPeople
DJI_0008-00199.jpg,noPeople
DJI_0008-00200.jpg,noPeople
DJI_0008-00201.jpg,noPeople
DJI_0008-00202.jpg,noPeople
DJI_0008-00203.jpg,noPeople
DJI_0008-00204.jpg,noPeople
DJI_0008-00205.jpg,noPeople
DJI_0008-00208.jpg,noPeople
DJI_0008-00211.jpg,noPeople
DJI_0008-00269.jpg,noPeople
DJI_0008-00270.jpg,noPeople
DJI_0008-00271.jpg,noPeople
DJI_0008-00276.jpg,noPeople
DJI_0008-00277.jpg,noPeople
DJI_0008-00291.jpg,noPeople
DJI_0008-00305.jpg,noPeople
DJI_0008-00306.jpg,noPeople
DJI_0008-00307.jpg,noPeople
DJI_0008-00308.jpg,noPeople
DJI_0008-00309.jpg,noPeople
DJI_0008-00310.jpg,noPeople
DJI_0008-00311.jpg,noPeople
DJI_0008-00312.jpg,noPeople
DJI_0008-00313.jpg,noPeople
DJI_0008-00314.jpg,noPeople
DJI_0008-00315.jpg,noPeople
DJI_0008-00316.jpg,noPeople
DJI_0008-00317.jpg,noPeople
DJI_0008-00318.jpg,noPeople
DJI_0008-00319.jpg,noPeople
DJI_0008-00320.jpg,noPeople
DJI_0008-00321.jpg,noPeople
DJI_0008-00322.jpg,noPeople
DJI_0008-00323.jpg,noPeople
DJI_0008-00324.jpg,noPeople
DJI_0008-00325.jpg,noPeople
DJI_0008-00326.jpg,noPeople
DJI_0008-00327.jpg,noPeople
DJI_0008-00328.jpg,noPeople
DJI_0008-00329.jpg,noPeople
DJI_0008-00330.jpg,noPeople
DJI_0008-00331.jpg,noPeople
DJI_0008-00332.jpg,noPeople
DJI_0008-00333.jpg,noPeople
DJI_0008-00334.jpg,noPeople
DJI_0008-00335.jpg,noPeople
DJI_0008-00336.jpg,noPeople
DJI_0008-00337.jpg,noPeople
DJI_0008-00338.jpg,noPeople
DJI_0008-00339.jpg,noPeople
DJI_0008-00340.jpg,noPeople
DJI_0008-00341.jpg,noPeople
DJI_0008-00342.jpg,noPeople
DJI_0008-00343.jpg,noPeople
DJI_0008-00344.jpg,noPeople
DJI_0008-00345.jpg,noPeople
DJI_0008-00346.jpg,noPeople
DJI_0008-00347.jpg,noPeople
DJI_0008-00348.jpg,noPeople
DJI_0008-00349.jpg,noPeople
DJI_0008-00350.jpg,noPeople
DJI_0008-00351.jpg,noPeople
DJI_0008-00352.jpg,noPeople
DJI_0008-00353.jpg,noPeople
DJI_0008-00354.jpg,noPeople
DJI_0008-00355.jpg,noPeople
DJI_0008-00356.jpg,noPeople
DJI_0008-00357.jpg,noPeople
DJI_0008-00358.jpg,noPeople
DJI_0008-00359.jpg,noPeople
DJI_0014-00001.jpg,noPeople
DJI_0014-00002.jpg,noPeople
DJI_0014-00003.jpg,noPeople
DJI_0014-00004.jpg,noPeople
DJI_0014-00005.jpg,noPeople
DJI_0014-00006.jpg,noPeople
DJI_0014-00007.jpg,noPeople
DJI_0014-00008.jpg,noPeople
DJI_0014-00009.jpg,noPeople
DJI_0014-00010.jpg,noPeople
DJI_0014-00018.jpg,noPeople
DJI_0014-00019.jpg,noPeople
DJI_0014-00022.jpg,noPeople
DJI_0014-00023.jpg,noPeople
DJI_0014-00024.jpg,noPeople
DJI_0014-00025.jpg,noPeople
DJI_0014-00026.jpg,noPeople
DJI_0014-00027.jpg,noPeople
DJI_0014-00028.jpg,noPeople
DJI_0014-00029.jpg,noPeople
DJI_0014-00030.jpg,noPeople
DJI_0014-00031.jpg,noPeople
DJI_0014-00032.jpg,noPeople
DJI_0014-00033.jpg,noPeople
DJI_0014-00034.jpg,noPeople
DJI_0014-00035.jpg,noPeople
DJI_0014-00036.jpg,noPeople
DJI_0014-00037.jpg,noPeople
DJI_0014-00045.jpg,noPeople
DJI_0014-00046.jpg,noPeople
DJI_0014-00047.jpg,noPeople
DJI_0014-00048.jpg,noPeople
DJI_0014-00049.jpg,noPeople
DJI_0014-00050.jpg,noPeople
DJI_0014-00052.jpg,noPeople
DJI_0014-00053.jpg,noPeople
DJI_0014-00054.jpg,noPeople
DJI_0014-00055.jpg,noPeople
DJI_0014-00056.jpg,noPeople
DJI_0014-00057.jpg,noPeople
DJI_0014-00058.jpg,noPeople
DJI_0014-00059.jpg,noPeople
DJI_0014-00060.jpg,noPeople
DJI_0014-00061.jpg,noPeople
DJI_0014-00062.jpg,noPeople
DJI_0014-00063.jpg,noPeople
DJI_0014-00064.jpg,noPeople
DJI_0014-00065.jpg,noPeople
DJI_0014-00066.jpg,noPeople
DJI_0014-00067.jpg,noPeople
DJI_0014-00068.jpg,noPeople
DJI_0014-00069.jpg,noPeople
DJI_0014-00070.jpg,noPeople
DJI_0014-00088.jpg,noPeople
DJI_0014-00092.jpg,noPeople
DJI_0014-00093.jpg,noPeople
DJI_0014-00094.jpg,noPeople
DJI_0014-00095.jpg,noPeople
DJI_0014-00096.jpg,noPeople
DJI_0014-00097.jpg,noPeople
DJI_0014-00098.jpg,noPeople
DJI_0014-00099.jpg,noPeople
DJI_0014-00100.jpg,noPeople
DJI_0014-00101.jpg,noPeople
DJI_0014-00103.jpg,noPeople
DJI_0014-00115.jpg,noPeople
DJI_0014-00116.jpg,noPeople
DJI_0014-00117.jpg,noPeople
DJI_0014-00118.jpg,noPeople
DJI_0014-00119.jpg,noPeople
DJI_0014-00120.jpg,noPeople
DJI_0014-00122.jpg,noPeople
DJI_0014-00123.jpg,noPeople
DJI_0014-00124.jpg,noPeople
DJI_0014-00125.jpg,noPeople
DJI_0014-00126.jpg,noPeople
DJI_0014-00127.jpg,noPeople
DJI_0014-00128.jpg,noPeople
DJI_0014-00129.jpg,noPeople
DJI_0014-00130.jpg,noPeople
DJI_0014-00131.jpg,noPeople
DJI_0014-00137.jpg,noPeople
DJI_0014-00138.jpg,noPeople
DJI_0014-00142.jpg,noPeople
DJI_0014-00155.jpg,noPeople
DJI_0014-00156.jpg,noPeople
DJI_0014-00157.jpg,noPeople
DJI_0014-00160.jpg,noPeople
DJI_0014-00161.jpg,noPeople
DJI_0014-00162.jpg,noPeople
DJI_0014-00163.jpg,noPeople
DJI_0014-00164.jpg,noPeople
DJI_0014-00165.jpg,noPeople
DJI_0014-00166.jpg,noPeople
DJI_0014-00167.jpg,noPeople
DJI_0014-00168.jpg,noPeople
DJI_0014-00169.jpg,noPeople
DJI_0014-00170.jpg,noPeople
DJI_0014-00171.jpg,noPeople
DJI_0014-00174.jpg,noPeople
DJI_0014-00175.jpg,noPeople
DJI_0014-00176.jpg,noPeople
DJI_0014-00177.jpg,noPeople
DJI_0014-00178.jpg,noPeople
DJI_0014-00179.jpg,noPeople
DJI_0014-00181.jpg,noPeople
DJI_0014-00207.jpg,noPeople
DJI_0014-00208.jpg,noPeople
DJI_0014-00209.jpg,noPeople
DJI_0014-00210.jpg,noPeople
DJI_0014-00211.jpg,noPeople
DJI_0014-00212.jpg,noPeople
DJI_0014-00213.jpg,noPeople
DJI_0014-00214.jpg,noPeople
DJI_0014-00215.jpg,noPeople
DJI_0014-00216.jpg,noPeople
DJI_0014-00217.jpg,noPeople
DJI_0014-00218.jpg,noPeople
DJI_0014-00219.jpg,noPeople
DJI_0014-00220.jpg,noPeople
DJI_0014-00221.jpg,noPeople
DJI_0014-00222.jpg,noPeople
DJI_0014-00223.jpg,noPeople
DJI_0014-00224.jpg,noPeople
DJI_0014-00225.jpg,noPeople
DJI_0014-00226.jpg,noPeople
DJI_0014-00227.jpg,noPeople
DJI_0014-00228.jpg,noPeople
DJI_0014-00229.jpg,noPeople
DJI_0014-00230.jpg,noPeople
DJI_0014-00231.jpg,noPeople
DJI_0014-00232.jpg,noPeople
DJI_0014-00233.jpg,noPeople
DJI_0014-00234.jpg,noPeople
DJI_0014-00235.jpg,noPeople
DJI_0014-00236.jpg,noPeople
DJI_0014-00237.jpg,noPeople
DJI_0014-00238.jpg,noPeople
DJI_0014-00239.jpg,noPeople
DJI_0014-00240.jpg,noPeople
DJI_0014-00241.jpg,noPeople
DJI_0014-00242.jpg,noPeople
